"Mot,Distribution,Fréquence relative"
envoyé,1,0.0003894080996884735
portez,2,0.000778816199376947
naissant,1,0.0003894080996884735
fumée,2,0.000778816199376947
défends,1,0.0003894080996884735
prétendu,1,0.0003894080996884735
absolu,2,0.000778816199376947
arrachent,1,0.0003894080996884735
goûtez,1,0.0003894080996884735
poursuivant,1,0.0003894080996884735
soeur,45,0.017523364485981307
seul,13,0.0050623052959501555
souffrons,2,0.000778816199376947
résolue,1,0.0003894080996884735
connais,5,0.0019470404984423676
propres,3,0.0011682242990654205
abandonne,1,0.0003894080996884735
hélas,7,0.0027258566978193145
main,25,0.009735202492211837
avecque,2,0.000778816199376947
honteuse,3,0.0011682242990654205
augmentera,1,0.0003894080996884735
témoigner,1,0.0003894080996884735
charmé,1,0.0003894080996884735
puissent,2,0.000778816199376947
ordonnera,1,0.0003894080996884735
vouloir,10,0.003894080996884735
aurai,3,0.0011682242990654205
ce,160,0.06230529595015576
coeurs,7,0.0027258566978193145
préviendrez,1,0.0003894080996884735
miracle,2,0.000778816199376947
rudes,5,0.0019470404984423676
impies,1,0.0003894080996884735
fondements,1,0.0003894080996884735
hommes,4,0.001557632398753894
enfuit,1,0.0003894080996884735
voulait,1,0.0003894080996884735
soi,4,0.001557632398753894
séparé,1,0.0003894080996884735
bénéfice,1,0.0003894080996884735
fille,9,0.0035046728971962616
percer,2,0.000778816199376947
ont,32,0.012461059190031152
terre,6,0.002336448598130841
animiez,1,0.0003894080996884735
semble,3,0.0011682242990654205
dérober,2,0.000778816199376947
désirée,1,0.0003894080996884735
heureuse,2,0.000778816199376947
nôtre,3,0.0011682242990654205
reproche,4,0.001557632398753894
hasarde,1,0.0003894080996884735
coupable,5,0.0019470404984423676
ennuis,1,0.0003894080996884735
puis,11,0.004283489096573208
appartenait,1,0.0003894080996884735
entretenez,1,0.0003894080996884735
miroirs,1,0.0003894080996884735
eût,9,0.0035046728971962616
écrie,1,0.0003894080996884735
traînait,1,0.0003894080996884735
flétrir,1,0.0003894080996884735
jeta,1,0.0003894080996884735
suit,4,0.001557632398753894
combler,1,0.0003894080996884735
condamnez,1,0.0003894080996884735
pousse,1,0.0003894080996884735
foi,3,0.0011682242990654205
tombes,1,0.0003894080996884735
trompant,1,0.0003894080996884735
tumulte,1,0.0003894080996884735
déplore,2,0.000778816199376947
devez,2,0.000778816199376947
romprai,1,0.0003894080996884735
laissons,2,0.000778816199376947
répondre,1,0.0003894080996884735
préviendra,1,0.0003894080996884735
quelque,20,0.00778816199376947
égalez,1,0.0003894080996884735
quatre,1,0.0003894080996884735
achevé,1,0.0003894080996884735
mélancolie,1,0.0003894080996884735
user,2,0.000778816199376947
gagne,1,0.0003894080996884735
siens,5,0.0019470404984423676
gorge,1,0.0003894080996884735
commencé,1,0.0003894080996884735
retirer,1,0.0003894080996884735
aise,1,0.0003894080996884735
soulager,1,0.0003894080996884735
acte,1,0.0003894080996884735
sachez,2,0.000778816199376947
comble,1,0.0003894080996884735
ajouter,1,0.0003894080996884735
malheurs,10,0.003894080996884735
désavouerais,1,0.0003894080996884735
charmée,1,0.0003894080996884735
silence,1,0.0003894080996884735
dise,1,0.0003894080996884735
relâche,1,0.0003894080996884735
soupçons,1,0.0003894080996884735
destinée,2,0.000778816199376947
joui,1,0.0003894080996884735
étouffées,1,0.0003894080996884735
ignorant,2,0.000778816199376947
petits,1,0.0003894080996884735
change,2,0.000778816199376947
avoir,10,0.003894080996884735
laisser,1,0.0003894080996884735
faisons,2,0.000778816199376947
il,206,0.08021806853582554
verrez,1,0.0003894080996884735
périr,2,0.000778816199376947
jalousie,1,0.0003894080996884735
spectre,1,0.0003894080996884735
domptés,1,0.0003894080996884735
pressante,1,0.0003894080996884735
irons,1,0.0003894080996884735
pourquoi,6,0.002336448598130841
revoyons,1,0.0003894080996884735
publique,1,0.0003894080996884735
alors,10,0.003894080996884735
espérer,4,0.001557632398753894
rend,4,0.001557632398753894
prince,4,0.001557632398753894
succède,2,0.000778816199376947
projets,2,0.000778816199376947
hâte,1,0.0003894080996884735
pourra,2,0.000778816199376947
savoir,4,0.001557632398753894
romain,10,0.003894080996884735
combattre,6,0.002336448598130841
veuille,1,0.0003894080996884735
genoux,2,0.000778816199376947
fantaisie,1,0.0003894080996884735
y,25,0.009735202492211837
prêts,3,0.0011682242990654205
bons,3,0.0011682242990654205
intéresse,1,0.0003894080996884735
écouté,1,0.0003894080996884735
réduisait,1,0.0003894080996884735
yeux,23,0.00895638629283489
frères,26,0.010124610591900311
mésestimer,1,0.0003894080996884735
saura,1,0.0003894080996884735
suivons,2,0.000778816199376947
pareille,3,0.0011682242990654205
plaisirs,1,0.0003894080996884735
glace,1,0.0003894080996884735
»,4,0.001557632398753894
faveur,6,0.002336448598130841
tombeaux,1,0.0003894080996884735
trait,1,0.0003894080996884735
victoires,2,0.000778816199376947
roi,15,0.005841121495327103
évite,1,0.0003894080996884735
liberté,1,0.0003894080996884735
simples,1,0.0003894080996884735
laissé,1,0.0003894080996884735
fièrement,1,0.0003894080996884735
peuples,3,0.0011682242990654205
manque,4,0.001557632398753894
consoler,1,0.0003894080996884735
citoyen,1,0.0003894080996884735
avait,6,0.002336448598130841
défendrai,1,0.0003894080996884735
miens,6,0.002336448598130841
vaincu,3,0.0011682242990654205
arment,2,0.000778816199376947
auteurs,1,0.0003894080996884735
combats,3,0.0011682242990654205
où,23,0.00895638629283489
ambitieuse,1,0.0003894080996884735
long,2,0.000778816199376947
dépit,1,0.0003894080996884735
étaient,1,0.0003894080996884735
désormais,3,0.0011682242990654205
ni,23,0.00895638629283489
renommée,6,0.002336448598130841
donneront,1,0.0003894080996884735
vengeance,3,0.0011682242990654205
seront,1,0.0003894080996884735
soupirer,1,0.0003894080996884735
admire,2,0.000778816199376947
en,261,0.10163551401869159
milieu,4,0.001557632398753894
frère,29,0.011292834890965732
attendrit,1,0.0003894080996884735
mouvement,4,0.001557632398753894
divers,2,0.000778816199376947
rompu,1,0.0003894080996884735
plein,1,0.0003894080996884735
blasphèmes,1,0.0003894080996884735
mît,1,0.0003894080996884735
sa,97,0.03777258566978193
voit,13,0.0050623052959501555
assurance,4,0.001557632398753894
souillés,1,0.0003894080996884735
lasse,1,0.0003894080996884735
savent,1,0.0003894080996884735
verriez,2,0.000778816199376947
cachant,1,0.0003894080996884735
noyons,1,0.0003894080996884735
nommons,1,0.0003894080996884735
règne,2,0.000778816199376947
murailles,2,0.000778816199376947
rejoindre,1,0.0003894080996884735
conquête,1,0.0003894080996884735
impuissant,1,0.0003894080996884735
appareil,1,0.0003894080996884735
places,1,0.0003894080996884735
grec,1,0.0003894080996884735
animée,1,0.0003894080996884735
suspendus,1,0.0003894080996884735
étais,2,0.000778816199376947
prends,1,0.0003894080996884735
ami,2,0.000778816199376947
nécessaires,1,0.0003894080996884735
parmi,4,0.001557632398753894
chassez,1,0.0003894080996884735
jusque,1,0.0003894080996884735
aurais,3,0.0011682242990654205
sacrifier,2,0.000778816199376947
imaginé,1,0.0003894080996884735
sépare,3,0.0011682242990654205
démons,2,0.000778816199376947
affliger,1,0.0003894080996884735
murmurer,1,0.0003894080996884735
tonnerre,1,0.0003894080996884735
attachée,1,0.0003894080996884735
accueil,3,0.0011682242990654205
défenseurs,1,0.0003894080996884735
combattrais,1,0.0003894080996884735
redouter,1,0.0003894080996884735
ravir,1,0.0003894080996884735
finirai,1,0.0003894080996884735
adroitement,1,0.0003894080996884735
joie,16,0.006230529595015576
envieux,1,0.0003894080996884735
attirerait,1,0.0003894080996884735
part,9,0.0035046728971962616
menace,1,0.0003894080996884735
honore,1,0.0003894080996884735
immuable,1,0.0003894080996884735
mânes,4,0.001557632398753894
épées,2,0.000778816199376947
enée,1,0.0003894080996884735
assassine,1,0.0003894080996884735
empêcher,1,0.0003894080996884735
produit,5,0.0019470404984423676
visages,1,0.0003894080996884735
conjurés,1,0.0003894080996884735
humeur,2,0.000778816199376947
défendez,1,0.0003894080996884735
ouvre,3,0.0011682242990654205
donne,9,0.0035046728971962616
vengera,1,0.0003894080996884735
fureur,2,0.000778816199376947
beau,14,0.005451713395638629
rameaux,1,0.0003894080996884735
adorais,1,0.0003894080996884735
vanité,3,0.0011682242990654205
divorces,1,0.0003894080996884735
semblable,1,0.0003894080996884735
patrie,6,0.002336448598130841
inespéré,1,0.0003894080996884735
propice,2,0.000778816199376947
clémence,1,0.0003894080996884735
incertain,1,0.0003894080996884735
préparatifs,1,0.0003894080996884735
barrière,1,0.0003894080996884735
sois,3,0.0011682242990654205
ma,103,0.04010903426791277
douceurs,2,0.000778816199376947
sèche,1,0.0003894080996884735
remplit,1,0.0003894080996884735
superflue,1,0.0003894080996884735
résoudre,1,0.0003894080996884735
discours,7,0.0027258566978193145
perdons,1,0.0003894080996884735
fit,2,0.000778816199376947
nous,102,0.0397196261682243
pare,1,0.0003894080996884735
devenue,1,0.0003894080996884735
puissai,1,0.0003894080996884735
élever,1,0.0003894080996884735
gage,1,0.0003894080996884735
tirer,2,0.000778816199376947
surprend,3,0.0011682242990654205
images,2,0.000778816199376947
sous,7,0.0027258566978193145
mourrait,1,0.0003894080996884735
feront,1,0.0003894080996884735
suis,24,0.009345794392523364
impossible,1,0.0003894080996884735
extrémité,2,0.000778816199376947
vaincrait,1,0.0003894080996884735
caractères,1,0.0003894080996884735
dis,6,0.002336448598130841
satisfaire,2,0.000778816199376947
ingrat,2,0.000778816199376947
craintes,3,0.0011682242990654205
finir,2,0.000778816199376947
texte,5,0.0019470404984423676
princes,2,0.000778816199376947
pousser,1,0.0003894080996884735
impiété,3,0.0011682242990654205
soin,4,0.001557632398753894
souhaiter,4,0.001557632398753894
âmes,5,0.0019470404984423676
égales,1,0.0003894080996884735
souhaitons,1,0.0003894080996884735
exaucez,1,0.0003894080996884735
contre,28,0.010903426791277258
durant,1,0.0003894080996884735
témoignait,1,0.0003894080996884735
déjà,13,0.0050623052959501555
sang,48,0.018691588785046728
défait,1,0.0003894080996884735
commis,1,0.0003894080996884735
plonge,1,0.0003894080996884735
aveu,2,0.000778816199376947
vaincras,1,0.0003894080996884735
impuissants,1,0.0003894080996884735
éperdue,1,0.0003894080996884735
moindre,4,0.001557632398753894
presse,4,0.001557632398753894
cette,29,0.011292834890965732
souhaitée,1,0.0003894080996884735
présents,1,0.0003894080996884735
bientôt,7,0.0027258566978193145
réponse,1,0.0003894080996884735
nature,3,0.0011682242990654205
réglera,1,0.0003894080996884735
favorables,1,0.0003894080996884735
éclatante,1,0.0003894080996884735
tourne,1,0.0003894080996884735
jugez,1,0.0003894080996884735
marches,1,0.0003894080996884735
belle,7,0.0027258566978193145
achevez,1,0.0003894080996884735
saper,1,0.0003894080996884735
fort,9,0.0035046728971962616
beauté,1,0.0003894080996884735
refusé,1,0.0003894080996884735
braver,2,0.000778816199376947
vivrai,1,0.0003894080996884735
entretien,1,0.0003894080996884735
autre,43,0.01674454828660436
moitié,5,0.0019470404984423676
dissipé,1,0.0003894080996884735
misères,4,0.001557632398753894
unissant,1,0.0003894080996884735
forces,3,0.0011682242990654205
flattais,1,0.0003894080996884735
congé,1,0.0003894080996884735
goûtent,1,0.0003894080996884735
trempé,1,0.0003894080996884735
consumé,1,0.0003894080996884735
querellez,1,0.0003894080996884735
verser,2,0.000778816199376947
autrement,4,0.001557632398753894
celles,1,0.0003894080996884735
tiré,1,0.0003894080996884735
voir,35,0.013629283489096573
eux,25,0.009735202492211837
bon,15,0.005841121495327103
réduits,1,0.0003894080996884735
unissent,1,0.0003894080996884735
chose,4,0.001557632398753894
encor,4,0.001557632398753894
vain,8,0.003115264797507788
flambeau,2,0.000778816199376947
grêce,1,0.0003894080996884735
efforce,1,0.0003894080996884735
aujourd,15,0.005841121495327103
comptable,1,0.0003894080996884735
souilleriez,1,0.0003894080996884735
monts,1,0.0003894080996884735
ciel,24,0.009345794392523364
croyais,2,0.000778816199376947
mettant,1,0.0003894080996884735
faite,1,0.0003894080996884735
renvoyer,1,0.0003894080996884735
mélange,1,0.0003894080996884735
pouvoir,8,0.003115264797507788
voudrais,2,0.000778816199376947
plaire,1,0.0003894080996884735
savez,4,0.001557632398753894
attendent,2,0.000778816199376947
se,51,0.01985981308411215
devine,1,0.0003894080996884735
douce,1,0.0003894080996884735
hymen,10,0.003894080996884735
bouche,5,0.0019470404984423676
gens,2,0.000778816199376947
désavantage,1,0.0003894080996884735
ignorez,2,0.000778816199376947
conjectures,1,0.0003894080996884735
sorte,2,0.000778816199376947
soient,7,0.0027258566978193145
voulez,2,0.000778816199376947
rompt,2,0.000778816199376947
perd,4,0.001557632398753894
point,93,0.036214953271028034
désavoueront,1,0.0003894080996884735
troubles,1,0.0003894080996884735
promettre,1,0.0003894080996884735
faisant,4,0.001557632398753894
trahir,1,0.0003894080996884735
rendrai,1,0.0003894080996884735
vrai,1,0.0003894080996884735
légères,1,0.0003894080996884735
je,237,0.09228971962616822
résister,3,0.0011682242990654205
allégresse,4,0.001557632398753894
changerez,1,0.0003894080996884735
mains,19,0.007398753894080997
aidant,1,0.0003894080996884735
foule,1,0.0003894080996884735
chers,2,0.000778816199376947
brillant,1,0.0003894080996884735
rigueurs,2,0.000778816199376947
terreur,3,0.0011682242990654205
épandu,1,0.0003894080996884735
hui,15,0.005841121495327103
dangereux,1,0.0003894080996884735
emportent,1,0.0003894080996884735
lors,2,0.000778816199376947
cède,3,0.0011682242990654205
flammes,2,0.000778816199376947
ignore,2,0.000778816199376947
court,1,0.0003894080996884735
irrésolu,1,0.0003894080996884735
cours,4,0.001557632398753894
généreuses,1,0.0003894080996884735
nommer,4,0.001557632398753894
devienne,1,0.0003894080996884735
aurait,4,0.001557632398753894
oubliez,1,0.0003894080996884735
pleurons,1,0.0003894080996884735
tient,3,0.0011682242990654205
ô,17,0.00661993769470405
demeure,2,0.000778816199376947
trouvé,1,0.0003894080996884735
laissant,2,0.000778816199376947
vanterai,1,0.0003894080996884735
jours,6,0.002336448598130841
porter,4,0.001557632398753894
maltraitez,1,0.0003894080996884735
adieu,5,0.0019470404984423676
recouvre,1,0.0003894080996884735
allez,5,0.0019470404984423676
souvent,5,0.0019470404984423676
entendre,3,0.0011682242990654205
épargnée,1,0.0003894080996884735
combattez,1,0.0003894080996884735
établit,1,0.0003894080996884735
vainqueur,15,0.005841121495327103
généreuse,1,0.0003894080996884735
quittera,1,0.0003894080996884735
lâcheté,4,0.001557632398753894
pourvu,1,0.0003894080996884735
admirais,1,0.0003894080996884735
deviendrez,1,0.0003894080996884735
pareils,6,0.002336448598130841
tuer,1,0.0003894080996884735
étonnent,2,0.000778816199376947
seras,1,0.0003894080996884735
nomme,3,0.0011682242990654205
armes,8,0.003115264797507788
sourdes,1,0.0003894080996884735
autel,1,0.0003894080996884735
contentements,1,0.0003894080996884735
apprête,1,0.0003894080996884735
art,3,0.0011682242990654205
majesté,3,0.0011682242990654205
enfers,2,0.000778816199376947
déplaisirs,5,0.0019470404984423676
d,261,0.10163551401869159
atteste,3,0.0011682242990654205
air,2,0.000778816199376947
coupée,1,0.0003894080996884735
exercer,1,0.0003894080996884735
provinces,1,0.0003894080996884735
tous,46,0.01791277258566978
valeur,6,0.002336448598130841
chaste,2,0.000778816199376947
là,7,0.0027258566978193145
bouillante,1,0.0003894080996884735
redouble,1,0.0003894080996884735
troubler,1,0.0003894080996884735
poudre,2,0.000778816199376947
soupir,2,0.000778816199376947
infâme,3,0.0011682242990654205
succombe,3,0.0011682242990654205
excuser,3,0.0011682242990654205
emploierons,1,0.0003894080996884735
franchir,1,0.0003894080996884735
fuyez,1,0.0003894080996884735
impitoyable,2,0.000778816199376947
contraire,8,0.003115264797507788
prenez,3,0.0011682242990654205
dure,1,0.0003894080996884735
tant,27,0.010514018691588784
albe,36,0.014018691588785047
tiens,5,0.0019470404984423676
troupes,2,0.000778816199376947
crains,3,0.0011682242990654205
devons,2,0.000778816199376947
recevoir,3,0.0011682242990654205
descendre,1,0.0003894080996884735
sévères,2,0.000778816199376947
témoins,2,0.000778816199376947
laissée,1,0.0003894080996884735
famille,7,0.0027258566978193145
retour,1,0.0003894080996884735
mettra,1,0.0003894080996884735
défend,3,0.0011682242990654205
reculé,1,0.0003894080996884735
applaudir,2,0.000778816199376947
amoureux,1,0.0003894080996884735
revoir,2,0.000778816199376947
comblée,1,0.0003894080996884735
demandent,2,0.000778816199376947
satisfais,1,0.0003894080996884735
pourrions,2,0.000778816199376947
derechef,1,0.0003894080996884735
regret,3,0.0011682242990654205
remplira,1,0.0003894080996884735
espoir,7,0.0027258566978193145
paix,14,0.005451713395638629
compare,1,0.0003894080996884735
époux,23,0.00895638629283489
exemple,3,0.0011682242990654205
rigoureux,1,0.0003894080996884735
serai,2,0.000778816199376947
achète,1,0.0003894080996884735
coup,7,0.0027258566978193145
fuite,9,0.0035046728971962616
la,231,0.08995327102803738
distraire,1,0.0003894080996884735
faces,1,0.0003894080996884735
parurent,1,0.0003894080996884735
avis,2,0.000778816199376947
démentir,1,0.0003894080996884735
recours,1,0.0003894080996884735
aurez,1,0.0003894080996884735
évertue,1,0.0003894080996884735
saurait,6,0.002336448598130841
moins,42,0.016355140186915886
crois,4,0.001557632398753894
chaleur,2,0.000778816199376947
charmais,1,0.0003894080996884735
parce,1,0.0003894080996884735
esclave,5,0.0019470404984423676
pareil,6,0.002336448598130841
avec,36,0.014018691588785047
encourager,1,0.0003894080996884735
edition,5,0.0019470404984423676
dissimuler,1,0.0003894080996884735
publiques,2,0.000778816199376947
femme,18,0.007009345794392523
dieux,33,0.012850467289719626
perdrai,1,0.0003894080996884735
neveux,1,0.0003894080996884735
mesurer,2,0.000778816199376947
donnait,1,0.0003894080996884735
déchire,1,0.0003894080996884735
estime,5,0.0019470404984423676
plus,115,0.04478193146417445
dénué,1,0.0003894080996884735
malheureux,3,0.0011682242990654205
endormie,1,0.0003894080996884735
égale,5,0.0019470404984423676
étant,3,0.0011682242990654205
permettez,5,0.0019470404984423676
suivre,5,0.0019470404984423676
peines,2,0.000778816199376947
préparerais,1,0.0003894080996884735
arrosé,1,0.0003894080996884735
trahison,1,0.0003894080996884735
venger,4,0.001557632398753894
patience,2,0.000778816199376947
abattu,2,0.000778816199376947
flavian,1,0.0003894080996884735
sembleront,1,0.0003894080996884735
lorsqu,6,0.002336448598130841
mien,4,0.001557632398753894
détestent,1,0.0003894080996884735
accepte,2,0.000778816199376947
ennui,2,0.000778816199376947
fait,69,0.026869158878504672
consulter,1,0.0003894080996884735
quittes,1,0.0003894080996884735
imprimée,1,0.0003894080996884735
combien,5,0.0019470404984423676
trancher,2,0.000778816199376947
doivent,4,0.001557632398753894
conserviez,1,0.0003894080996884735
brave,2,0.000778816199376947
mériter,2,0.000778816199376947
vaut,2,0.000778816199376947
songes,1,0.0003894080996884735
unis,1,0.0003894080996884735
montre,2,0.000778816199376947
rompez,1,0.0003894080996884735
adore,1,0.0003894080996884735
apaiser,3,0.0011682242990654205
mon,115,0.04478193146417445
tantôt,3,0.0011682242990654205
laisserai,1,0.0003894080996884735
brille,1,0.0003894080996884735
las,2,0.000778816199376947
interprète,1,0.0003894080996884735
loisir,1,0.0003894080996884735
vieil,30,0.011682242990654205
acquitte,1,0.0003894080996884735
au,58,0.022585669781931463
conditions,1,0.0003894080996884735
asservie,5,0.0019470404984423676
dons,1,0.0003894080996884735
aveuglement,1,0.0003894080996884735
premier,8,0.003115264797507788
génie,1,0.0003894080996884735
sensible,1,0.0003894080996884735
offre,3,0.0011682242990654205
chacun,9,0.0035046728971962616
simple,1,0.0003894080996884735
fuyant,1,0.0003894080996884735
aventure,1,0.0003894080996884735
enfermer,1,0.0003894080996884735
obtint,1,0.0003894080996884735
obtenu,1,0.0003894080996884735
souffre,5,0.0019470404984423676
cruautés,1,0.0003894080996884735
capable,1,0.0003894080996884735
aspect,1,0.0003894080996884735
rendra,1,0.0003894080996884735
querelle,4,0.001557632398753894
vécu,4,0.001557632398753894
biens,1,0.0003894080996884735
proie,1,0.0003894080996884735
triomphants,1,0.0003894080996884735
armée,6,0.002336448598130841
erreur,7,0.0027258566978193145
furie,1,0.0003894080996884735
vies,1,0.0003894080996884735
ennemie,2,0.000778816199376947
a,84,0.03271028037383177
presque,2,0.000778816199376947
satisfaits,1,0.0003894080996884735
demeurera,1,0.0003894080996884735
vois,13,0.0050623052959501555
j,76,0.029595015576323987
préfère,3,0.0011682242990654205
être,23,0.00895638629283489
suite,2,0.000778816199376947
poursuite,1,0.0003894080996884735
prie,1,0.0003894080996884735
déférés,1,0.0003894080996884735
choqué,1,0.0003894080996884735
prospères,1,0.0003894080996884735
bonté,1,0.0003894080996884735
touchent,1,0.0003894080996884735
préparent,1,0.0003894080996884735
précieux,2,0.000778816199376947
retiens,1,0.0003894080996884735
prison,1,0.0003894080996884735
personnes,3,0.0011682242990654205
conduite,1,0.0003894080996884735
trésor,1,0.0003894080996884735
détruit,3,0.0011682242990654205
mutinent,1,0.0003894080996884735
vengée,2,0.000778816199376947
faiblesse,12,0.004672897196261682
changé,1,0.0003894080996884735
tiennent,1,0.0003894080996884735
mort,36,0.014018691588785047
lâche,5,0.0019470404984423676
embrassez,1,0.0003894080996884735
romains,9,0.0035046728971962616
côtés,2,0.000778816199376947
aveuglément,1,0.0003894080996884735
sein,1,0.0003894080996884735
goûté,1,0.0003894080996884735
qu,226,0.08800623052959501
esprits,3,0.0011682242990654205
bouts,1,0.0003894080996884735
prière,1,0.0003894080996884735
fondre,1,0.0003894080996884735
verrai,2,0.000778816199376947
sentiment,3,0.0011682242990654205
cache,2,0.000778816199376947
fratricide,1,0.0003894080996884735
triompher,7,0.0027258566978193145
disons,1,0.0003894080996884735
autels,1,0.0003894080996884735
conspirent,2,0.000778816199376947
douteux,2,0.000778816199376947
blâmes,1,0.0003894080996884735
aime,17,0.00661993769470405
impuni,1,0.0003894080996884735
programme,5,0.0019470404984423676
soutiendront,1,0.0003894080996884735
sacrés,2,0.000778816199376947
monstre,1,0.0003894080996884735
réservez,1,0.0003894080996884735
chemin,2,0.000778816199376947
attendrissez,1,0.0003894080996884735
rhin,1,0.0003894080996884735
acheté,1,0.0003894080996884735
haut,5,0.0019470404984423676
mêler,1,0.0003894080996884735
courroux,2,0.000778816199376947
hercule,1,0.0003894080996884735
débile,1,0.0003894080996884735
condamnée,1,0.0003894080996884735
dépendrait,1,0.0003894080996884735
certes,2,0.000778816199376947
cèle,1,0.0003894080996884735
tigres,1,0.0003894080996884735
indignité,1,0.0003894080996884735
ceigne,1,0.0003894080996884735
jour,19,0.007398753894080997
séparés,1,0.0003894080996884735
derrière,1,0.0003894080996884735
déployer,1,0.0003894080996884735
moment,11,0.004283489096573208
tard,2,0.000778816199376947
pleurant,1,0.0003894080996884735
dégager,1,0.0003894080996884735
élève,3,0.0011682242990654205
aimiez,1,0.0003894080996884735
contribuer,1,0.0003894080996884735
avance,2,0.000778816199376947
gloire,35,0.013629283489096573
pompeux,1,0.0003894080996884735
noeuds,6,0.002336448598130841
stupide,1,0.0003894080996884735
pris,5,0.0019470404984423676
dégénérons,1,0.0003894080996884735
secours,6,0.002336448598130841
croissez,1,0.0003894080996884735
moyens,4,0.001557632398753894
aillent,1,0.0003894080996884735
inconnu,1,0.0003894080996884735
immortaliser,1,0.0003894080996884735
saurais,1,0.0003894080996884735
jouissent,1,0.0003894080996884735
participe,1,0.0003894080996884735
peine,9,0.0035046728971962616
connaissez,1,0.0003894080996884735
on,89,0.03465732087227414
répudiée,1,0.0003894080996884735
commune,2,0.000778816199376947
concevoir,1,0.0003894080996884735
morne,1,0.0003894080996884735
doutez,1,0.0003894080996884735
sitôt,3,0.0011682242990654205
soyons,3,0.0011682242990654205
italie,1,0.0003894080996884735
soyez,1,0.0003894080996884735
cet,10,0.003894080996884735
pourrai,2,0.000778816199376947
conserver,4,0.001557632398753894
retirons,1,0.0003894080996884735
lorsque,1,0.0003894080996884735
considère,3,0.0011682242990654205
gendre,5,0.0019470404984423676
connaissaient,1,0.0003894080996884735
mâle,3,0.0011682242990654205
toutes,10,0.003894080996884735
garde,5,0.0019470404984423676
fuit,3,0.0011682242990654205
retient,1,0.0003894080996884735
flatteuse,1,0.0003894080996884735
rival,2,0.000778816199376947
paraissant,1,0.0003894080996884735
affermi,1,0.0003894080996884735
froid,1,0.0003894080996884735
immortalité,1,0.0003894080996884735
discord,1,0.0003894080996884735
repose,1,0.0003894080996884735
soudain,5,0.0019470404984423676
achetez,1,0.0003894080996884735
deviendra,1,0.0003894080996884735
lauriers,8,0.003115264797507788
excuse,3,0.0011682242990654205
refus,3,0.0011682242990654205
envie,2,0.000778816199376947
réduite,2,0.000778816199376947
deviennent,1,0.0003894080996884735
dedans,2,0.000778816199376947
origine,1,0.0003894080996884735
tue,3,0.0011682242990654205
aventin,1,0.0003894080996884735
non,25,0.009735202492211837
de,471,0.18341121495327103
vulgaire,1,0.0003894080996884735
t,33,0.012850467289719626
entrailles,1,0.0003894080996884735
objet,6,0.002336448598130841
leurs,27,0.010514018691588784
terme,1,0.0003894080996884735
craindre,13,0.0050623052959501555
redoublez,1,0.0003894080996884735
puisqu,5,0.0019470404984423676
pressantes,1,0.0003894080996884735
bords,1,0.0003894080996884735
belles,2,0.000778816199376947
combattront,2,0.000778816199376947
pouvez,4,0.001557632398753894
tendent,1,0.0003894080996884735
ton,37,0.01440809968847352
carnage,1,0.0003894080996884735
même,36,0.014018691588785047
flatte,1,0.0003894080996884735
légitime,4,0.001557632398753894
pour,179,0.06970404984423675
résonne,1,0.0003894080996884735
bataille,9,0.0035046728971962616
apollon,1,0.0003894080996884735
incessamment,1,0.0003894080996884735
entendu,1,0.0003894080996884735
mourront,1,0.0003894080996884735
loin,7,0.0027258566978193145
partager,1,0.0003894080996884735
prenait,1,0.0003894080996884735
dérobe,1,0.0003894080996884735
punir,5,0.0019470404984423676
désir,1,0.0003894080996884735
craignais,1,0.0003894080996884735
joins,1,0.0003894080996884735
propos,2,0.000778816199376947
amour,31,0.012071651090342679
essayez,1,0.0003894080996884735
blessé,2,0.000778816199376947
victoire,19,0.007398753894080997
victimes,1,0.0003894080996884735
rien,29,0.011292834890965732
telle,8,0.003115264797507788
merveille,1,0.0003894080996884735
agit,4,0.001557632398753894
serons,1,0.0003894080996884735
tel,17,0.00661993769470405
caresses,1,0.0003894080996884735
secoure,1,0.0003894080996884735
volaient,1,0.0003894080996884735
vivais,1,0.0003894080996884735
faible,4,0.001557632398753894
obscures,1,0.0003894080996884735
civiles,1,0.0003894080996884735
rangs,2,0.000778816199376947
accès,2,0.000778816199376947
conçoit,1,0.0003894080996884735
approuver,1,0.0003894080996884735
descendent,1,0.0003894080996884735
ai,46,0.01791277258566978
frémis,2,0.000778816199376947
visage,2,0.000778816199376947
puisse,5,0.0019470404984423676
foudre,2,0.000778816199376947
m,68,0.0264797507788162
sien,3,0.0011682242990654205
punissez,3,0.0011682242990654205
placer,1,0.0003894080996884735
appliquer,1,0.0003894080996884735
taire,1,0.0003894080996884735
corps,2,0.000778816199376947
charmantes,1,0.0003894080996884735
entretiens,1,0.0003894080996884735
prépare,1,0.0003894080996884735
aller,4,0.001557632398753894
mortelle,1,0.0003894080996884735
grande,2,0.000778816199376947
des,130,0.050623052959501556
pertes,3,0.0011682242990654205
soupirais,1,0.0003894080996884735
illustres,1,0.0003894080996884735
vit,6,0.002336448598130841
comment,2,0.000778816199376947
noble,6,0.002336448598130841
décide,1,0.0003894080996884735
demi,4,0.001557632398753894
mène,1,0.0003894080996884735
bataillons,1,0.0003894080996884735
recevez,6,0.002336448598130841
remparts,1,0.0003894080996884735
bel,1,0.0003894080996884735
cieux,3,0.0011682242990654205
charmes,3,0.0011682242990654205
poussent,1,0.0003894080996884735
irritent,1,0.0003894080996884735
souffrez,9,0.0035046728971962616
enfermé,1,0.0003894080996884735
vôtres,3,0.0011682242990654205
prompt,2,0.000778816199376947
impute,1,0.0003894080996884735
revêtir,1,0.0003894080996884735
noeud,1,0.0003894080996884735
soutenu,1,0.0003894080996884735
portât,1,0.0003894080996884735
illégitime,1,0.0003894080996884735
infamie,3,0.0011682242990654205
absent,1,0.0003894080996884735
rassurer,1,0.0003894080996884735
désirs,6,0.002336448598130841
fidèle,1,0.0003894080996884735
davantage,1,0.0003894080996884735
coups,13,0.0050623052959501555
patries,1,0.0003894080996884735
puissance,4,0.001557632398753894
amants,2,0.000778816199376947
déplaire,3,0.0011682242990654205
telles,1,0.0003894080996884735
plaint,1,0.0003894080996884735
nouveau,2,0.000778816199376947
camille,15,0.005841121495327103
auront,4,0.001557632398753894
touche,5,0.0019470404984423676
droits,4,0.001557632398753894
mot,1,0.0003894080996884735
avertie,1,0.0003894080996884735
sur,28,0.010903426791277258
dehors,1,0.0003894080996884735
traiterais,1,0.0003894080996884735
légitimes,3,0.0011682242990654205
tu,49,0.0190809968847352
vigueur,2,0.000778816199376947
serions,1,0.0003894080996884735
débiles,1,0.0003894080996884735
règle,2,0.000778816199376947
parents,6,0.002336448598130841
cas,1,0.0003894080996884735
arraché,1,0.0003894080996884735
injurieux,1,0.0003894080996884735
demandons,1,0.0003894080996884735
souhaits,4,0.001557632398753894
contentement,2,0.000778816199376947
tombeau,3,0.0011682242990654205
prudence,2,0.000778816199376947
joignez,1,0.0003894080996884735
confondre,1,0.0003894080996884735
fers,2,0.000778816199376947
croirai,1,0.0003894080996884735
quand,36,0.014018691588785047
fruit,1,0.0003894080996884735
faudra,3,0.0011682242990654205
flétrie,2,0.000778816199376947
ferai,2,0.000778816199376947
contraindre,1,0.0003894080996884735
aucunes,1,0.0003894080996884735
épuise,2,0.000778816199376947
appris,1,0.0003894080996884735
quoi,19,0.007398753894080997
pavillons,1,0.0003894080996884735
enfin,20,0.00778816199376947
maison,10,0.003894080996884735
ait,6,0.002336448598130841
échauffe,1,0.0003894080996884735
souviens,1,0.0003894080996884735
présence,2,0.000778816199376947
abuse,1,0.0003894080996884735
attendant,2,0.000778816199376947
lui,54,0.02102803738317757
éblouir,1,0.0003894080996884735
agrandir,1,0.0003894080996884735
ordonnent,1,0.0003894080996884735
rude,2,0.000778816199376947
ouvrir,1,0.0003894080996884735
réglons,1,0.0003894080996884735
raison,8,0.003115264797507788
laissez,4,0.001557632398753894
ennoblir,1,0.0003894080996884735
baigner,1,0.0003894080996884735
éclatez,1,0.0003894080996884735
avoueront,1,0.0003894080996884735
sanglant,1,0.0003894080996884735
dissiper,1,0.0003894080996884735
désunit,1,0.0003894080996884735
mépriser,1,0.0003894080996884735
second,1,0.0003894080996884735
resté,1,0.0003894080996884735
valère,27,0.010514018691588784
oubli,1,0.0003894080996884735
mets,1,0.0003894080996884735
su,4,0.001557632398753894
perdez,2,0.000778816199376947
détestait,1,0.0003894080996884735
traiter,1,0.0003894080996884735
embrasser,5,0.0019470404984423676
pourrais,3,0.0011682242990654205
vîtes,1,0.0003894080996884735
couler,2,0.000778816199376947
parlez,3,0.0011682242990654205
jamais,12,0.004672897196261682
chéri,1,0.0003894080996884735
latins,1,0.0003894080996884735
ôtait,1,0.0003894080996884735
combattant,1,0.0003894080996884735
jette,3,0.0011682242990654205
fuie,1,0.0003894080996884735
service,3,0.0011682242990654205
mêle,4,0.001557632398753894
charger,1,0.0003894080996884735
maudissez,1,0.0003894080996884735
raisons,1,0.0003894080996884735
adresse,1,0.0003894080996884735
levez,1,0.0003894080996884735
voisin,1,0.0003894080996884735
assure,1,0.0003894080996884735
retourne,2,0.000778816199376947
iras,1,0.0003894080996884735
fatales,1,0.0003894080996884735
offense,3,0.0011682242990654205
attendaient,1,0.0003894080996884735
disais,1,0.0003894080996884735
terminé,1,0.0003894080996884735
ressentiment,1,0.0003894080996884735
prêt,1,0.0003894080996884735
amante,5,0.0019470404984423676
apprenez,2,0.000778816199376947
crime,22,0.008566978193146417
entrer,3,0.0011682242990654205
dès,2,0.000778816199376947
due,1,0.0003894080996884735
celui,3,0.0011682242990654205
constamment,2,0.000778816199376947
ici,15,0.005841121495327103
évanouir,1,0.0003894080996884735
passait,1,0.0003894080996884735
rendus,1,0.0003894080996884735
dures,2,0.000778816199376947
durer,2,0.000778816199376947
écorce,1,0.0003894080996884735
différez,1,0.0003894080996884735
braves,1,0.0003894080996884735
jugement,2,0.000778816199376947
vengeurs,1,0.0003894080996884735
marchant,1,0.0003894080996884735
espère,4,0.001557632398753894
triomphe,8,0.003115264797507788
empêche,1,0.0003894080996884735
nouvelle,6,0.002336448598130841
arrête,4,0.001557632398753894
formé,1,0.0003894080996884735
éclat,5,0.0019470404984423676
put,1,0.0003894080996884735
mienne,2,0.000778816199376947
dépendaient,1,0.0003894080996884735
commandement,2,0.000778816199376947
eut,3,0.0011682242990654205
modérez,1,0.0003894080996884735
tireraient,1,0.0003894080996884735
figurer,1,0.0003894080996884735
perdaient,1,0.0003894080996884735
trouve,6,0.002336448598130841
vu,23,0.00895638629283489
prompte,3,0.0011682242990654205
entrant,1,0.0003894080996884735
digne,17,0.00661993769470405
trépas,11,0.004283489096573208
perdre,3,0.0011682242990654205
assez,23,0.00895638629283489
faites,6,0.002336448598130841
barbare,5,0.0019470404984423676
fâche,3,0.0011682242990654205
déchoir,1,0.0003894080996884735
devant,2,0.000778816199376947
flatter,1,0.0003894080996884735
avons,2,0.000778816199376947
prenons,3,0.0011682242990654205
illustre,8,0.003115264797507788
rare,6,0.002336448598130841
oblige,1,0.0003894080996884735
épargner,1,0.0003894080996884735
inhumaine,1,0.0003894080996884735
dispense,1,0.0003894080996884735
renouer,1,0.0003894080996884735
pleurez,6,0.002336448598130841
chère,5,0.0019470404984423676
spectacle,3,0.0011682242990654205
voulu,4,0.001557632398753894
donné,1,0.0003894080996884735
superflus,2,0.000778816199376947
assurait,1,0.0003894080996884735
appartient,1,0.0003894080996884735
horace,46,0.01791277258566978
souffert,1,0.0003894080996884735
couvert,4,0.001557632398753894
respirer,1,0.0003894080996884735
jetant,1,0.0003894080996884735
souvenir,2,0.000778816199376947
bien,54,0.02102803738317757
êtes,6,0.002336448598130841
écoute,1,0.0003894080996884735
effacés,1,0.0003894080996884735
servent,1,0.0003894080996884735
sont,40,0.01557632398753894
danger,1,0.0003894080996884735
deviez,1,0.0003894080996884735
sert,1,0.0003894080996884735
vaincue,1,0.0003894080996884735
vient,8,0.003115264797507788
diminuer,1,0.0003894080996884735
causes,1,0.0003894080996884735
nôtres,4,0.001557632398753894
encens,2,0.000778816199376947
mortelles,2,0.000778816199376947
parlé,1,0.0003894080996884735
le,250,0.09735202492211838
portes,1,0.0003894080996884735
soupirs,9,0.0035046728971962616
va,11,0.004283489096573208
armer,1,0.0003894080996884735
outrage,3,0.0011682242990654205
différer,1,0.0003894080996884735
contrainte,2,0.000778816199376947
meurs,1,0.0003894080996884735
usage,1,0.0003894080996884735
méritent,1,0.0003894080996884735
forme,2,0.000778816199376947
cesse,4,0.001557632398753894
appréhendait,1,0.0003894080996884735
continue,1,0.0003894080996884735
traître,1,0.0003894080996884735
vraie,1,0.0003894080996884735
tacher,1,0.0003894080996884735
croire,4,0.001557632398753894
allait,1,0.0003894080996884735
fumer,2,0.000778816199376947
dessous,3,0.0011682242990654205
insensible,3,0.0011682242990654205
viendras,1,0.0003894080996884735
adieux,1,0.0003894080996884735
songe,6,0.002336448598130841
étonnée,1,0.0003894080996884735
sainte,1,0.0003894080996884735
selon,1,0.0003894080996884735
hier,7,0.0027258566978193145
étonne,2,0.000778816199376947
dans,61,0.023753894080996884
présente,1,0.0003894080996884735
obliger,1,0.0003894080996884735
dois,14,0.005451713395638629
choisi,1,0.0003894080996884735
émouvoir,1,0.0003894080996884735
accablée,1,0.0003894080996884735
obscurité,2,0.000778816199376947
pouvait,3,0.0011682242990654205
imiter,1,0.0003894080996884735
curiace,13,0.0050623052959501555
consomme,1,0.0003894080996884735
heures,1,0.0003894080996884735
tendresse,3,0.0011682242990654205
souverain,2,0.000778816199376947
guerriers,6,0.002336448598130841
poussez,1,0.0003894080996884735
guerre,12,0.004672897196261682
mêlée,1,0.0003894080996884735
malaisément,1,0.0003894080996884735
allume,1,0.0003894080996884735
croyez,3,0.0011682242990654205
imite,1,0.0003894080996884735
mers,1,0.0003894080996884735
pur,1,0.0003894080996884735
seulement,3,0.0011682242990654205
reviens,1,0.0003894080996884735
elle,72,0.028037383177570093
tâchez,1,0.0003894080996884735
pareilles,2,0.000778816199376947
termine,1,0.0003894080996884735
étages,1,0.0003894080996884735
ôtez,1,0.0003894080996884735
serez,2,0.000778816199376947
amas,1,0.0003894080996884735
chaque,5,0.0019470404984423676
mais,80,0.03115264797507788
fais,9,0.0035046728971962616
pardonne,1,0.0003894080996884735
longue,1,0.0003894080996884735
étonner,1,0.0003894080996884735
blâmer,1,0.0003894080996884735
affligera,1,0.0003894080996884735
attend,2,0.000778816199376947
celer,2,0.000778816199376947
destinées,1,0.0003894080996884735
puissant,1,0.0003894080996884735
préparés,1,0.0003894080996884735
parques,1,0.0003894080996884735
offensée,1,0.0003894080996884735
récit,1,0.0003894080996884735
propose,1,0.0003894080996884735
également,1,0.0003894080996884735
salaire,1,0.0003894080996884735
bas,3,0.0011682242990654205
redoublait,1,0.0003894080996884735
te,21,0.008177570093457943
combattrai,1,0.0003894080996884735
magnanime,1,0.0003894080996884735
prodigue,1,0.0003894080996884735
soupçonnait,1,0.0003894080996884735
choisir,6,0.002336448598130841
repaître,1,0.0003894080996884735
compassion,1,0.0003894080996884735
chastes,1,0.0003894080996884735
éclatant,3,0.0011682242990654205
démon,1,0.0003894080996884735
adorant,1,0.0003894080996884735
champ,1,0.0003894080996884735
résonner,1,0.0003894080996884735
affermir,2,0.000778816199376947
suffit,2,0.000778816199376947
légers,1,0.0003894080996884735
colonnes,1,0.0003894080996884735
douleurs,9,0.0035046728971962616
précieuse,1,0.0003894080996884735
funeses,1,0.0003894080996884735
osé,1,0.0003894080996884735
former,4,0.001557632398753894
suprêmes,1,0.0003894080996884735
sentiments,11,0.004283489096573208
raisonnable,1,0.0003894080996884735
forts,2,0.000778816199376947
impuissante,1,0.0003894080996884735
réparer,1,0.0003894080996884735
oublierai,1,0.0003894080996884735
domestiques,2,0.000778816199376947
consolation,1,0.0003894080996884735
sacrée,1,0.0003894080996884735
vivant,1,0.0003894080996884735
cessons,1,0.0003894080996884735
romaines,1,0.0003894080996884735
public,7,0.0027258566978193145
mépris,1,0.0003894080996884735
premières,1,0.0003894080996884735
fasse,4,0.001557632398753894
inutiles,1,0.0003894080996884735
acquittent,1,0.0003894080996884735
saint,2,0.000778816199376947
malgré,5,0.0019470404984423676
demander,3,0.0011682242990654205
versez,1,0.0003894080996884735
rejette,1,0.0003894080996884735
irréparable,1,0.0003894080996884735
infortune,2,0.000778816199376947
borneront,1,0.0003894080996884735
joint,2,0.000778816199376947
tien,2,0.000778816199376947
servi,1,0.0003894080996884735
voie,1,0.0003894080996884735
jadis,1,0.0003894080996884735
clarté,1,0.0003894080996884735
nourrir,2,0.000778816199376947
important,1,0.0003894080996884735
états,4,0.001557632398753894
persécuter,2,0.000778816199376947
compte,3,0.0011682242990654205
tulle,2,0.000778816199376947
âpre,1,0.0003894080996884735
pudique,1,0.0003894080996884735
frappé,1,0.0003894080996884735
arrière,1,0.0003894080996884735
ombres,1,0.0003894080996884735
parole,1,0.0003894080996884735
sortir,3,0.0011682242990654205
ferait,1,0.0003894080996884735
paraître,5,0.0019470404984423676
orgueil,2,0.000778816199376947
obéir,3,0.0011682242990654205
arrêt,5,0.0019470404984423676
justice,7,0.0027258566978193145
maîtres,1,0.0003894080996884735
consiste,1,0.0003894080996884735
insupportable,1,0.0003894080996884735
années,1,0.0003894080996884735
sachons,2,0.000778816199376947
homme,12,0.004672897196261682
sentais,1,0.0003894080996884735
louange,1,0.0003894080996884735
sévère,1,0.0003894080996884735
zèle,4,0.001557632398753894
maître,4,0.001557632398753894
plaît,1,0.0003894080996884735
suivi,3,0.0011682242990654205
aisément,3,0.0011682242990654205
taisent,1,0.0003894080996884735
procule,1,0.0003894080996884735
tyrans,1,0.0003894080996884735
maux,9,0.0035046728971962616
albains,1,0.0003894080996884735
villes,1,0.0003894080996884735
briguerait,1,0.0003894080996884735
agresseur,1,0.0003894080996884735
chaîne,2,0.000778816199376947
autant,14,0.005451713395638629
vas,1,0.0003894080996884735
vaincus,6,0.002336448598130841
admet,1,0.0003894080996884735
rayon,1,0.0003894080996884735
délivrez,1,0.0003894080996884735
mille,11,0.004283489096573208
changer,3,0.0011682242990654205
grossière,1,0.0003894080996884735
cacher,2,0.000778816199376947
proches,1,0.0003894080996884735
déchirer,1,0.0003894080996884735
redoutez,1,0.0003894080996884735
lâchement,1,0.0003894080996884735
trouver,2,0.000778816199376947
titre,2,0.000778816199376947
parlent,2,0.000778816199376947
accroître,1,0.0003894080996884735
achève,2,0.000778816199376947
l,279,0.10864485981308411
vaincre,4,0.001557632398753894
faux,3,0.0011682242990654205
faits,4,0.001557632398753894
séparent,1,0.0003894080996884735
craignez,1,0.0003894080996884735
conservez,1,0.0003894080996884735
remède,2,0.000778816199376947
pleinement,1,0.0003894080996884735
flanc,3,0.0011682242990654205
disposez,1,0.0003894080996884735
allons,4,0.001557632398753894
blessés,1,0.0003894080996884735
txt,5,0.0019470404984423676
fils,14,0.005451713395638629
race,4,0.001557632398753894
tait,2,0.000778816199376947
heur,4,0.001557632398753894
rebelle,1,0.0003894080996884735
tomber,1,0.0003894080996884735
différence,1,0.0003894080996884735
hautement,3,0.0011682242990654205
méchants,1,0.0003894080996884735
réduire,2,0.000778816199376947
allumé,1,0.0003894080996884735
reprenez,1,0.0003894080996884735
donc,15,0.005841121495327103
infaillibles,1,0.0003894080996884735
sens,5,0.0019470404984423676
paru,1,0.0003894080996884735
obstine,3,0.0011682242990654205
déplaisir,1,0.0003894080996884735
pensez,4,0.001557632398753894
fût,3,0.0011682242990654205
ose,9,0.0035046728971962616
parvienne,1,0.0003894080996884735
cris,3,0.0011682242990654205
éternelles,1,0.0003894080996884735
lois,9,0.0035046728971962616
réglant,1,0.0003894080996884735
amant,20,0.00778816199376947
naître,6,0.002336448598130841
serait,4,0.001557632398753894
pourtant,4,0.001557632398753894
comme,38,0.014797507788161994
père,23,0.00895638629283489
pensers,1,0.0003894080996884735
dit,6,0.002336448598130841
dorénavant,2,0.000778816199376947
curiaces,6,0.002336448598130841
confondus,1,0.0003894080996884735
imaginais,1,0.0003894080996884735
invaincu,1,0.0003894080996884735
employons,1,0.0003894080996884735
vomit,1,0.0003894080996884735
fer,2,0.000778816199376947
étrange,3,0.0011682242990654205
marcher,1,0.0003894080996884735
glorieuse,1,0.0003894080996884735
pressé,1,0.0003894080996884735
différents,2,0.000778816199376947
paraît,3,0.0011682242990654205
expérience,1,0.0003894080996884735
trahi,1,0.0003894080996884735
fraternelle,1,0.0003894080996884735
290,5,0.0019470404984423676
désaveu,1,0.0003894080996884735
respire,1,0.0003894080996884735
ébranlé,1,0.0003894080996884735
laisse,8,0.003115264797507788
prendront,1,0.0003894080996884735
affliction,1,0.0003894080996884735
reprochez,1,0.0003894080996884735
mal,13,0.0050623052959501555
effort,8,0.003115264797507788
apprend,1,0.0003894080996884735
obéisse,1,0.0003894080996884735
sauvez,2,0.000778816199376947
accablé,1,0.0003894080996884735
commun,2,0.000778816199376947
employé,1,0.0003894080996884735
savait,1,0.0003894080996884735
peuvent,4,0.001557632398753894
souhaitez,1,0.0003894080996884735
obstacle,3,0.0011682242990654205
mots,3,0.0011682242990654205
résous,1,0.0003894080996884735
blesse,1,0.0003894080996884735
donnera,1,0.0003894080996884735
récompense,1,0.0003894080996884735
importe,1,0.0003894080996884735
commander,2,0.000778816199376947
armé,1,0.0003894080996884735
nouvelles,2,0.000778816199376947
veux,14,0.005451713395638629
passaient,1,0.0003894080996884735
déshonneur,2,0.000778816199376947
âme,28,0.010903426791277258
rome,68,0.0264797507788162
grand,23,0.00895638629283489
venez,4,0.001557632398753894
reçu,3,0.0011682242990654205
forcés,1,0.0003894080996884735
retombe,1,0.0003894080996884735
monte,1,0.0003894080996884735
pleureriez,1,0.0003894080996884735
garantir,5,0.0019470404984423676
opprobre,1,0.0003894080996884735
saisit,1,0.0003894080996884735
amis,3,0.0011682242990654205
ayez,1,0.0003894080996884735
soins,3,0.0011682242990654205
respectée,1,0.0003894080996884735
cent,1,0.0003894080996884735
cru,5,0.0019470404984423676
feux,4,0.001557632398753894
accuse,1,0.0003894080996884735
oses,2,0.000778816199376947
vers,5,0.0019470404984423676
surtout,1,0.0003894080996884735
celle,5,0.0019470404984423676
comprendre,1,0.0003894080996884735
gracieux,1,0.0003894080996884735
passé,2,0.000778816199376947
tôt,1,0.0003894080996884735
délai,1,0.0003894080996884735
solitude,1,0.0003894080996884735
brutalement,1,0.0003894080996884735
dite,1,0.0003894080996884735
aurions,2,0.000778816199376947
soulagement,2,0.000778816199376947
écartés,1,0.0003894080996884735
paternel,1,0.0003894080996884735
considérez,1,0.0003894080996884735
bourreau,1,0.0003894080996884735
nobles,2,0.000778816199376947
but,1,0.0003894080996884735
feriez,2,0.000778816199376947
punit,3,0.0011682242990654205
regarder,4,0.001557632398753894
considérer,2,0.000778816199376947
passer,2,0.000778816199376947
ruse,1,0.0003894080996884735
accordais,1,0.0003894080996884735
est,173,0.06736760124610591
aisée,1,0.0003894080996884735
parts,1,0.0003894080996884735
couronnées,1,0.0003894080996884735
puissances,1,0.0003894080996884735
esprit,12,0.004672897196261682
vaine,1,0.0003894080996884735
sabine,14,0.005451713395638629
servir,4,0.001557632398753894
victime,3,0.0011682242990654205
trois,29,0.011292834890965732
recevait,1,0.0003894080996884735
rendez,1,0.0003894080996884735
importuner,1,0.0003894080996884735
mette,1,0.0003894080996884735
pouvais,2,0.000778816199376947
irai,1,0.0003894080996884735
abaisse,1,0.0003894080996884735
trophées,1,0.0003894080996884735
entier,2,0.000778816199376947
honneurs,5,0.0019470404984423676
estiment,1,0.0003894080996884735
malaisé,1,0.0003894080996884735
traits,2,0.000778816199376947
planter,1,0.0003894080996884735
excès,3,0.0011682242990654205
aveugle,2,0.000778816199376947
mari,9,0.0035046728971962616
camp,3,0.0011682242990654205
rarement,3,0.0011682242990654205
forcer,1,0.0003894080996884735
dire,3,0.0011682242990654205
ressouvenir,1,0.0003894080996884735
faut,31,0.012071651090342679
héros,3,0.0011682242990654205
porte,5,0.0019470404984423676
pitoyable,1,0.0003894080996884735
journée,3,0.0011682242990654205
obscur,1,0.0003894080996884735
penses,1,0.0003894080996884735
ordinaire,2,0.000778816199376947
sortent,1,0.0003894080996884735
accorde,1,0.0003894080996884735
gardez,1,0.0003894080996884735
maudit,1,0.0003894080996884735
brillante,1,0.0003894080996884735
versés,1,0.0003894080996884735
racheter,1,0.0003894080996884735
arriver,1,0.0003894080996884735
consacrer,1,0.0003894080996884735
contente,2,0.000778816199376947
profanée,1,0.0003894080996884735
voyons,2,0.000778816199376947
ébranlement,1,0.0003894080996884735
horrible,1,0.0003894080996884735
émeut,3,0.0011682242990654205
murs,8,0.003115264797507788
rang,5,0.0019470404984423676
aimerai,1,0.0003894080996884735
vivantes,1,0.0003894080996884735
exaucés,2,0.000778816199376947
artifice,3,0.0011682242990654205
regardez,2,0.000778816199376947
entretenir,2,0.000778816199376947
entrait,1,0.0003894080996884735
volontaires,1,0.0003894080996884735
me,70,0.027258566978193146
mérite,1,0.0003894080996884735
peu,32,0.012461059190031152
fis,1,0.0003894080996884735
combattants,5,0.0019470404984423676
soupirant,1,0.0003894080996884735
mémoire,4,0.001557632398753894
autorise,1,0.0003894080996884735
et,482,0.18769470404984423
beaucoup,12,0.004672897196261682
idolâtrie,1,0.0003894080996884735
sied,2,0.000778816199376947
pyrénées,1,0.0003894080996884735
dictateur,2,0.000778816199376947
faute,1,0.0003894080996884735
jusqu,6,0.002336448598130841
pleurs,26,0.010124610591900311
penchant,1,0.0003894080996884735
songez,1,0.0003894080996884735
confusion,3,0.0011682242990654205
ardeurs,1,0.0003894080996884735
encouragerais,1,0.0003894080996884735
sujette,5,0.0019470404984423676
regarde,1,0.0003894080996884735
secourût,1,0.0003894080996884735
sera,8,0.003115264797507788
contribue,1,0.0003894080996884735
ressenti,1,0.0003894080996884735
doute,3,0.0011682242990654205
mes,53,0.020638629283489095
rougir,3,0.0011682242990654205
effarouche,1,0.0003894080996884735
sacrilège,2,0.000778816199376947
quels,10,0.003894080996884735
ambition,3,0.0011682242990654205
transports,1,0.0003894080996884735
serment,1,0.0003894080996884735
vos,58,0.022585669781931463
proche,1,0.0003894080996884735
donnez,2,0.000778816199376947
taisez,1,0.0003894080996884735
joindre,1,0.0003894080996884735
injustice,3,0.0011682242990654205
albain,1,0.0003894080996884735
pied,3,0.0011682242990654205
obstacles,2,0.000778816199376947
lancez,1,0.0003894080996884735
destin,4,0.001557632398753894
divise,1,0.0003894080996884735
événement,2,0.000778816199376947
voyez,4,0.001557632398753894
marques,4,0.001557632398753894
tendre,1,0.0003894080996884735
événements,2,0.000778816199376947
lieu,9,0.0035046728971962616
province,1,0.0003894080996884735
deux,44,0.017133956386292833
avez,10,0.003894080996884735
face,3,0.0011682242990654205
scrupule,1,0.0003894080996884735
léger,1,0.0003894080996884735
objets,2,0.000778816199376947
viendrait,1,0.0003894080996884735
disgrâces,1,0.0003894080996884735
formés,1,0.0003894080996884735
attaquer,2,0.000778816199376947
aimer,12,0.004672897196261682
honteux,2,0.000778816199376947
voulons,3,0.0011682242990654205
réponde,1,0.0003894080996884735
affreux,2,0.000778816199376947
tribut,1,0.0003894080996884735
sommes,7,0.0027258566978193145
force,7,0.0027258566978193145
croit,3,0.0011682242990654205
conseils,1,0.0003894080996884735
batailles,1,0.0003894080996884735
parlait,1,0.0003894080996884735
horreur,9,0.0035046728971962616
romule,2,0.000778816199376947
écoutée,2,0.000778816199376947
maltraite,1,0.0003894080996884735
contraires,3,0.0011682242990654205
juger,2,0.000778816199376947
quitter,2,0.000778816199376947
suivant,2,0.000778816199376947
parfaites,1,0.0003894080996884735
accordez,1,0.0003894080996884735
infini,1,0.0003894080996884735
donnent,1,0.0003894080996884735
qui,114,0.04439252336448598
pus,1,0.0003894080996884735
soit,10,0.003894080996884735
blâme,2,0.000778816199376947
guerrier,2,0.000778816199376947
crie,1,0.0003894080996884735
pure,1,0.0003894080996884735
véritable,5,0.0019470404984423676
seule,6,0.002336448598130841
imitons,1,0.0003894080996884735
couronnes,1,0.0003894080996884735
rappelant,1,0.0003894080996884735
ayant,2,0.000778816199376947
ainsi,16,0.006230529595015576
différends,1,0.0003894080996884735
duré,2,0.000778816199376947
tache,1,0.0003894080996884735
fallait,2,0.000778816199376947
appelez,1,0.0003894080996884735
reçoive,1,0.0003894080996884735
extrême,3,0.0011682242990654205
défenseur,2,0.000778816199376947
commence,3,0.0011682242990654205
pourront,3,0.0011682242990654205
achever,2,0.000778816199376947
embrassements,1,0.0003894080996884735
crainte,2,0.000778816199376947
cruel,5,0.0019470404984423676
parle,2,0.000778816199376947
déférence,1,0.0003894080996884735
estimais,1,0.0003894080996884735
incertaine,1,0.0003894080996884735
demain,5,0.0019470404984423676
actions,1,0.0003894080996884735
mendiée,1,0.0003894080996884735
faveurs,1,0.0003894080996884735
sans,60,0.02336448598130841
voyais,1,0.0003894080996884735
ravissements,1,0.0003894080996884735
parjure,1,0.0003894080996884735
filles,2,0.000778816199376947
julie,7,0.0027258566978193145
cruelle,2,0.000778816199376947
appréhendez,1,0.0003894080996884735
assurés,1,0.0003894080996884735
permet,1,0.0003894080996884735
fureurs,1,0.0003894080996884735
dirai,2,0.000778816199376947
sauvé,2,0.000778816199376947
malheureuse,1,0.0003894080996884735
histoire,1,0.0003894080996884735
déploie,1,0.0003894080996884735
demeurent,1,0.0003894080996884735
unique,5,0.0019470404984423676
été,1,0.0003894080996884735
blessée,1,0.0003894080996884735
ennemi,7,0.0027258566978193145
donner,6,0.002336448598130841
lassé,1,0.0003894080996884735
pâlissent,1,0.0003894080996884735
née,1,0.0003894080996884735
maternelle,1,0.0003894080996884735
ces,38,0.014797507788161994
jurée,2,0.000778816199376947
sentent,1,0.0003894080996884735
supplice,6,0.002336448598130841
souillé,2,0.000778816199376947
toujours,13,0.0050623052959501555
cependant,3,0.0011682242990654205
lumière,1,0.0003894080996884735
criminelle,2,0.000778816199376947
promit,1,0.0003894080996884735
examine,2,0.000778816199376947
grandeur,1,0.0003894080996884735
cessez,1,0.0003894080996884735
pleurer,4,0.001557632398753894
voler,1,0.0003894080996884735
haïr,7,0.0027258566978193145
apporter,1,0.0003894080996884735
esclaves,1,0.0003894080996884735
toutefois,2,0.000778816199376947
immortel,1,0.0003894080996884735
agir,3,0.0011682242990654205
vous,249,0.0969626168224299
coulèrent,1,0.0003894080996884735
désiré,1,0.0003894080996884735
choir,1,0.0003894080996884735
voeux,19,0.007398753894080997
épargnera,1,0.0003894080996884735
vînt,1,0.0003894080996884735
bénissant,1,0.0003894080996884735
indigne,6,0.002336448598130841
succomberas,1,0.0003894080996884735
bannis,1,0.0003894080996884735
php,5,0.0019470404984423676
éclaire,1,0.0003894080996884735
ardeur,9,0.0035046728971962616
claire,1,0.0003894080996884735
quelles,1,0.0003894080996884735
serviteurs,1,0.0003894080996884735
ceux,10,0.003894080996884735
doux,14,0.005451713395638629
vont,2,0.000778816199376947
atteinte,1,0.0003894080996884735
pleins,1,0.0003894080996884735
tes,30,0.011682242990654205
épousai,1,0.0003894080996884735
obstinent,1,0.0003894080996884735
consultons,1,0.0003894080996884735
depuis,3,0.0011682242990654205
illusion,2,0.000778816199376947
vengez,1,0.0003894080996884735
craint,3,0.0011682242990654205
bruit,2,0.000778816199376947
libérateur,1,0.0003894080996884735
puni,3,0.0011682242990654205
vraiment,1,0.0003894080996884735
diverses,2,0.000778816199376947
glorieux,2,0.000778816199376947
exiger,1,0.0003894080996884735
préparons,1,0.0003894080996884735
console,1,0.0003894080996884735
dessus,3,0.0011682242990654205
uni,1,0.0003894080996884735
dissipe,1,0.0003894080996884735
s,73,0.028426791277258567
connue,1,0.0003894080996884735
prend,10,0.003894080996884735
tyran,1,0.0003894080996884735
effroyable,1,0.0003894080996884735
coure,1,0.0003894080996884735
entière,6,0.002336448598130841
assurent,2,0.000778816199376947
viens,9,0.0035046728971962616
sombres,1,0.0003894080996884735
occupées,1,0.0003894080996884735
négligez,1,0.0003894080996884735
malheureuses,1,0.0003894080996884735
ajoutez,1,0.0003894080996884735
vie,14,0.005451713395638629
autrui,2,0.000778816199376947
promette,1,0.0003894080996884735
pense,1,0.0003894080996884735
funeste,7,0.0027258566978193145
travaille,1,0.0003894080996884735
rangés,1,0.0003894080996884735
penser,5,0.0019470404984423676
bannir,1,0.0003894080996884735
donnée,1,0.0003894080996884735
amenez,1,0.0003894080996884735
cruels,2,0.000778816199376947
attache,5,0.0019470404984423676
pleuvoir,1,0.0003894080996884735
calme,1,0.0003894080996884735
drapeaux,1,0.0003894080996884735
souhait,2,0.000778816199376947
près,7,0.0027258566978193145
intérêts,6,0.002336448598130841
parti,7,0.0027258566978193145
déplorable,1,0.0003894080996884735
funestes,3,0.0011682242990654205
revient,1,0.0003894080996884735
veut,21,0.008177570093457943
ah,6,0.002336448598130841
combattu,2,0.000778816199376947
accusent,1,0.0003894080996884735
nuptial,1,0.0003894080996884735
exerce,1,0.0003894080996884735
douteuse,1,0.0003894080996884735
admirer,2,0.000778816199376947
exposer,1,0.0003894080996884735
seconde,2,0.000778816199376947
orages,1,0.0003894080996884735
régler,1,0.0003894080996884735
nommé,1,0.0003894080996884735
imprime,1,0.0003894080996884735
cousin,1,0.0003894080996884735
embrasse,1,0.0003894080996884735
périt,1,0.0003894080996884735
captivité,1,0.0003894080996884735
désespoir,7,0.0027258566978193145
douleur,12,0.004672897196261682
commencez,3,0.0011682242990654205
sénat,1,0.0003894080996884735
occasion,6,0.002336448598130841
eus,1,0.0003894080996884735
abandonner,1,0.0003894080996884735
fuir,1,0.0003894080996884735
amollissent,1,0.0003894080996884735
bâtissant,1,0.0003894080996884735
passions,1,0.0003894080996884735
sincère,1,0.0003894080996884735
oracles,2,0.000778816199376947
tenir,1,0.0003894080996884735
périsse,2,0.000778816199376947
tristesse,2,0.000778816199376947
vertus,3,0.0011682242990654205
seconds,1,0.0003894080996884735
aux,63,0.02453271028037383
saisi,1,0.0003894080996884735
détache,1,0.0003894080996884735
trembler,3,0.0011682242990654205
fin,4,0.001557632398753894
du,56,0.021806853582554516
nulle,1,0.0003894080996884735
odieux,1,0.0003894080996884735
ou,52,0.020249221183800622
tigre,1,0.0003894080996884735
souhaite,1,0.0003894080996884735
fuyait,1,0.0003894080996884735
pureté,2,0.000778816199376947
faiblement,1,0.0003894080996884735
chaînes,1,0.0003894080996884735
faibles,4,0.001557632398753894
bannissez,2,0.000778816199376947
oui,5,0.0019470404984423676
facile,1,0.0003894080996884735
rencontre,1,0.0003894080996884735
dernier,6,0.002336448598130841
chères,2,0.000778816199376947
piteux,1,0.0003894080996884735
partir,1,0.0003894080996884735
notre,39,0.015186915887850467
nuit,1,0.0003894080996884735
larmes,14,0.005451713395638629
promis,4,0.001557632398753894
univers,2,0.000778816199376947
instant,2,0.000778816199376947
craignons,2,0.000778816199376947
fortunes,1,0.0003894080996884735
renferme,1,0.0003894080996884735
apportez,1,0.0003894080996884735
aiment,1,0.0003894080996884735
si,150,0.05841121495327103
communes,1,0.0003894080996884735
immoler,5,0.0019470404984423676
innocents,2,0.000778816199376947
condamnable,1,0.0003894080996884735
baiser,1,0.0003894080996884735
attaquant,1,0.0003894080996884735
fois,10,0.003894080996884735
devrai,1,0.0003894080996884735
peut,31,0.012071651090342679
plaignez,2,0.000778816199376947
reculer,1,0.0003894080996884735
fini,1,0.0003894080996884735
dieu,1,0.0003894080996884735
dispose,3,0.0011682242990654205
sainement,1,0.0003894080996884735
interprétation,5,0.0019470404984423676
moi,38,0.014797507788161994
mourir,9,0.0035046728971962616
était,9,0.0035046728971962616
attacher,1,0.0003894080996884735
accompagner,1,0.0003894080996884735
bonheur,12,0.004672897196261682
honneur,38,0.014797507788161994
désolée,1,0.0003894080996884735
couteau,1,0.0003894080996884735
votre,37,0.01440809968847352
abandonnai,1,0.0003894080996884735
croître,2,0.000778816199376947
jeter,1,0.0003894080996884735
empire,5,0.0019470404984423676
communs,2,0.000778816199376947
retraite,1,0.0003894080996884735
sire,19,0.007398753894080997
nos,63,0.02453271028037383
cercueil,1,0.0003894080996884735
laveront,1,0.0003894080996884735
promet,1,0.0003894080996884735
brutale,2,0.000778816199376947
colère,10,0.003894080996884735
front,7,0.0027258566978193145
fortes,2,0.000778816199376947
payés,1,0.0003894080996884735
triomphé,1,0.0003894080996884735
inquiétudes,1,0.0003894080996884735
frayeurs,2,0.000778816199376947
songer,1,0.0003894080996884735
mettez,1,0.0003894080996884735
affaiblit,1,0.0003894080996884735
succès,8,0.003115264797507788
cesserai,1,0.0003894080996884735
voulions,1,0.0003894080996884735
tremblant,1,0.0003894080996884735
lieux,6,0.002336448598130841
conserve,1,0.0003894080996884735
jaloux,3,0.0011682242990654205
extrêmes,2,0.000778816199376947
tourment,1,0.0003894080996884735
seuls,3,0.0011682242990654205
toute,19,0.007398753894080997
pardonnable,1,0.0003894080996884735
hauts,2,0.000778816199376947
passent,1,0.0003894080996884735
plaisir,2,0.000778816199376947
affligée,1,0.0003894080996884735
voici,3,0.0011682242990654205
reconnaît,1,0.0003894080996884735
indifférence,1,0.0003894080996884735
rencontrai,1,0.0003894080996884735
troupe,1,0.0003894080996884735
agrée,1,0.0003894080996884735
venir,3,0.0011682242990654205
vieillesse,1,0.0003894080996884735
loi,5,0.0019470404984423676
mêmes,3,0.0011682242990654205
solide,2,0.000778816199376947
parlais,1,0.0003894080996884735
affaire,1,0.0003894080996884735
plaira,1,0.0003894080996884735
office,3,0.0011682242990654205
énorme,3,0.0011682242990654205
faire,27,0.010514018691588784
céderais,1,0.0003894080996884735
poussés,1,0.0003894080996884735
nommerai,1,0.0003894080996884735
percé,2,0.000778816199376947
efface,1,0.0003894080996884735
soudaine,1,0.0003894080996884735
armez,1,0.0003894080996884735
hymenée,1,0.0003894080996884735
quelle,11,0.004283489096573208
vaillance,2,0.000778816199376947
veulent,1,0.0003894080996884735
parricide,2,0.000778816199376947
sceptres,1,0.0003894080996884735
place,5,0.0019470404984423676
cheveux,1,0.0003894080996884735
viendra,2,0.000778816199376947
choix,19,0.007398753894080997
fatal,1,0.0003894080996884735
sauver,2,0.000778816199376947
inhumains,2,0.000778816199376947
espérance,3,0.0011682242990654205
aimâtes,1,0.0003894080996884735
chez,4,0.001557632398753894
arrêtez,1,0.0003894080996884735
rendu,5,0.0019470404984423676
vive,1,0.0003894080996884735
entre,10,0.003894080996884735
balance,1,0.0003894080996884735
promptement,1,0.0003894080996884735
forte,1,0.0003894080996884735
élevant,1,0.0003894080996884735
inspiré,2,0.000778816199376947
vais,5,0.0019470404984423676
perfide,1,0.0003894080996884735
sort,27,0.010514018691588784
plaindre,9,0.0035046728971962616
fier,1,0.0003894080996884735
maligne,1,0.0003894080996884735
coutume,1,0.0003894080996884735
sut,1,0.0003894080996884735
déplaît,1,0.0003894080996884735
apprendra,1,0.0003894080996884735
eu,1,0.0003894080996884735
criminels,1,0.0003894080996884735
coeur,30,0.011682242990654205
six,2,0.000778816199376947
apporte,2,0.000778816199376947
victorieux,4,0.001557632398753894
effets,6,0.002336448598130841
payé,1,0.0003894080996884735
désespoirs,1,0.0003894080996884735
montrerez,1,0.0003894080996884735
perte,10,0.003894080996884735
étonnement,1,0.0003894080996884735
affranchir,1,0.0003894080996884735
affront,5,0.0019470404984423676
constance,8,0.003115264797507788
renvoie,1,0.0003894080996884735
imputerait,1,0.0003894080996884735
regard,1,0.0003894080996884735
gais,1,0.0003894080996884735
recourir,1,0.0003894080996884735
propre,3,0.0011682242990654205
vengé,1,0.0003894080996884735
voix,12,0.004672897196261682
tour,3,0.0011682242990654205
inopinée,1,0.0003894080996884735
envisage,1,0.0003894080996884735
sais,5,0.0019470404984423676
plaintes,4,0.001557632398753894
oracle,4,0.001557632398753894
quel,18,0.007009345794392523
adversaires,2,0.000778816199376947
souffrir,8,0.003115264797507788
effet,9,0.0035046728971962616
unie,2,0.000778816199376947
bontés,1,0.0003894080996884735
témoin,3,0.0011682242990654205
amitié,7,0.0027258566978193145
éclairés,2,0.000778816199376947
trame,1,0.0003894080996884735
courage,8,0.003115264797507788
songeons,1,0.0003894080996884735
meure,2,0.000778816199376947
sujet,5,0.0019470404984423676
général,2,0.000778816199376947
opposer,2,0.000778816199376947
ans,2,0.000778816199376947
quereller,1,0.0003894080996884735
pouvaient,1,0.0003894080996884735
obtienne,2,0.000778816199376947
entretienne,1,0.0003894080996884735
volage,1,0.0003894080996884735
blessure,1,0.0003894080996884735
bonne,3,0.0011682242990654205
moindres,1,0.0003894080996884735
recevrais,1,0.0003894080996884735
demandais,1,0.0003894080996884735
disposer,1,0.0003894080996884735
attaquez,1,0.0003894080996884735
mère,1,0.0003894080996884735
voisins,3,0.0011682242990654205
chérirai,1,0.0003894080996884735
frayeur,2,0.000778816199376947
impie,2,0.000778816199376947
ils,27,0.010514018691588784
immole,3,0.0011682242990654205
fît,1,0.0003894080996884735
voudrait,1,0.0003894080996884735
quiconque,1,0.0003894080996884735
inexcusable,1,0.0003894080996884735
emploi,1,0.0003894080996884735
chefs,3,0.0011682242990654205
consommez,1,0.0003894080996884735
termes,1,0.0003894080996884735
différent,1,0.0003894080996884735
femmes,4,0.001557632398753894
prive,1,0.0003894080996884735
avant,5,0.0019470404984423676
tremblerez,1,0.0003894080996884735
aimée,2,0.000778816199376947
retenez,1,0.0003894080996884735
consentement,1,0.0003894080996884735
feraient,1,0.0003894080996884735
ingrate,1,0.0003894080996884735
acceptent,1,0.0003894080996884735
temps,9,0.0035046728971962616
divinité,2,0.000778816199376947
mortel,3,0.0011682242990654205
trouble,4,0.001557632398753894
entretint,1,0.0003894080996884735
jusques,3,0.0011682242990654205
couverte,1,0.0003894080996884735
avaient,1,0.0003894080996884735
allégement,1,0.0003894080996884735
parler,3,0.0011682242990654205
alarmée,1,0.0003894080996884735
regards,2,0.000778816199376947
vieux,1,0.0003894080996884735
es,5,0.0019470404984423676
accuser,1,0.0003894080996884735
importune,1,0.0003894080996884735
mis,2,0.000778816199376947
salut,2,0.000778816199376947
prendrai,1,0.0003894080996884735
justes,1,0.0003894080996884735
détruire,2,0.000778816199376947
cher,8,0.003115264797507788
aura,4,0.001557632398753894
déluge,1,0.0003894080996884735
ta,29,0.011292834890965732
attendre,5,0.0019470404984423676
raisonnement,1,0.0003894080996884735
angoisse,1,0.0003894080996884735
sauraient,1,0.0003894080996884735
fera,3,0.0011682242990654205
dépouiller,1,0.0003894080996884735
plutôt,8,0.003115264797507788
erreurs,1,0.0003894080996884735
vôtre,6,0.002336448598130841
heureux,7,0.0027258566978193145
nom,12,0.004672897196261682
as,3,0.0011682242990654205
liens,3,0.0011682242990654205
regardes,1,0.0003894080996884735
rois,8,0.003115264797507788
toi,19,0.007398753894080997
fameux,3,0.0011682242990654205
tâche,1,0.0003894080996884735
prendre,8,0.003115264797507788
fermes,2,0.000778816199376947
côté,1,0.0003894080996884735
autorité,1,0.0003894080996884735
façon,3,0.0011682242990654205
ménager,1,0.0003894080996884735
nets,1,0.0003894080996884735
brisez,1,0.0003894080996884735
oppose,2,0.000778816199376947
éclairs,1,0.0003894080996884735
entretins,1,0.0003894080996884735
haute,6,0.002336448598130841
heure,2,0.000778816199376947
présenter,2,0.000778816199376947
purifier,1,0.0003894080996884735
puisque,13,0.0050623052959501555
croirons,1,0.0003894080996884735
lâches,1,0.0003894080996884735
hais,4,0.001557632398753894
horaces,3,0.0011682242990654205
sacrifice,5,0.0019470404984423676
blessées,1,0.0003894080996884735
fleurs,1,0.0003894080996884735
appui,3,0.0011682242990654205
rapport,1,0.0003894080996884735
tandis,1,0.0003894080996884735
pourraient,2,0.000778816199376947
souillât,1,0.0003894080996884735
sanglantes,1,0.0003894080996884735
concevez,1,0.0003894080996884735
vertu,34,0.0132398753894081
puissants,1,0.0003894080996884735
peur,4,0.001557632398753894
injuste,4,0.001557632398753894
ci,2,0.000778816199376947
cause,7,0.0027258566978193145
matière,2,0.000778816199376947
défendre,2,0.000778816199376947
appelons,1,0.0003894080996884735
gardait,1,0.0003894080996884735
appréhender,1,0.0003894080996884735
prennent,2,0.000778816199376947
sujets,5,0.0019470404984423676
chercher,3,0.0011682242990654205
malheur,16,0.006230529595015576
tels,8,0.003115264797507788
aperçus,1,0.0003894080996884735
désavouent,1,0.0003894080996884735
offensez,1,0.0003894080996884735
renom,2,0.000778816199376947
«,4,0.001557632398753894
ôtent,1,0.0003894080996884735
tumultueuse,1,0.0003894080996884735
triste,8,0.003115264797507788
intérêt,8,0.003115264797507788
soupire,2,0.000778816199376947
félicité,2,0.000778816199376947
conclut,1,0.0003894080996884735
éclatera,1,0.0003894080996884735
tremble,1,0.0003894080996884735
compliments,1,0.0003894080996884735
prédit,1,0.0003894080996884735
trompe,2,0.000778816199376947
son,73,0.028426791277258567
moyen,1,0.0003894080996884735
accable,3,0.0011682242990654205
remis,2,0.000778816199376947
dissimule,2,0.000778816199376947
consulté,1,0.0003894080996884735
juste,10,0.003894080996884735
courages,1,0.0003894080996884735
diviser,1,0.0003894080996884735
trahis,4,0.001557632398753894
montrez,3,0.0011682242990654205
peux,3,0.0011682242990654205
vainqueurs,9,0.0035046728971962616
anime,1,0.0003894080996884735
auteur,3,0.0011682242990654205
haine,9,0.0035046728971962616
changement,1,0.0003894080996884735
gardent,1,0.0003894080996884735
défaite,3,0.0011682242990654205
punition,1,0.0003894080996884735
forfait,4,0.001557632398753894
un,289,0.11253894080996885
défenses,1,0.0003894080996884735
cendre,1,0.0003894080996884735
range,1,0.0003894080996884735
couronne,1,0.0003894080996884735
chants,1,0.0003894080996884735
repos,1,0.0003894080996884735
imaginez,1,0.0003894080996884735
mieux,22,0.008566978193146417
hyménée,4,0.001557632398753894
tristes,3,0.0011682242990654205
exploit,1,0.0003894080996884735
dépens,4,0.001557632398753894
revois,1,0.0003894080996884735
animées,1,0.0003894080996884735
joignons,1,0.0003894080996884735
que,251,0.09774143302180685
libre,3,0.0011682242990654205
parla,1,0.0003894080996884735
accord,2,0.000778816199376947
ôter,2,0.000778816199376947
défense,1,0.0003894080996884735
choisit,1,0.0003894080996884735
souffrirez,1,0.0003894080996884735
rejaillir,1,0.0003894080996884735
consolais,1,0.0003894080996884735
osera,1,0.0003894080996884735
mourra,1,0.0003894080996884735
plains,9,0.0035046728971962616
autres,12,0.004672897196261682
permis,3,0.0011682242990654205
mauvaise,1,0.0003894080996884735
crimes,7,0.0027258566978193145
respecte,2,0.000778816199376947
finit,2,0.000778816199376947
doutais,1,0.0003894080996884735
rendre,7,0.0027258566978193145
grands,13,0.0050623052959501555
renonce,3,0.0011682242990654205
approches,1,0.0003894080996884735
sexe,1,0.0003894080996884735
poids,1,0.0003894080996884735
terminer,2,0.000778816199376947
occident,1,0.0003894080996884735
montré,1,0.0003894080996884735
alliance,3,0.0011682242990654205
tombe,4,0.001557632398753894
flamme,5,0.0019470404984423676
attente,3,0.0011682242990654205
ôta,1,0.0003894080996884735
lien,2,0.000778816199376947
plainte,1,0.0003894080996884735
égal,4,0.001557632398753894
joignant,1,0.0003894080996884735
endurer,2,0.000778816199376947
aviez,3,0.0011682242990654205
hors,7,0.0027258566978193145
besoin,3,0.0011682242990654205
puissamment,2,0.000778816199376947
droit,5,0.0019470404984423676
unira,1,0.0003894080996884735
offenser,1,0.0003894080996884735
innocent,2,0.000778816199376947
joints,1,0.0003894080996884735
consulte,1,0.0003894080996884735
brûlez,1,0.0003894080996884735
châtiment,3,0.0011682242990654205
importun,1,0.0003894080996884735
éteint,1,0.0003894080996884735
attendiez,1,0.0003894080996884735
travaux,1,0.0003894080996884735
fassent,1,0.0003894080996884735
soldats,1,0.0003894080996884735
désespère,1,0.0003894080996884735
sienne,2,0.000778816199376947
prissent,1,0.0003894080996884735
longtemps,3,0.0011682242990654205
rage,3,0.0011682242990654205
ailleurs,5,0.0019470404984423676
consolez,1,0.0003894080996884735
séchant,1,0.0003894080996884735
tellement,1,0.0003894080996884735
prêtres,1,0.0003894080996884735
pays,22,0.008566978193146417
attends,1,0.0003894080996884735
sacré,1,0.0003894080996884735
par,79,0.030763239875389408
obéirais,1,0.0003894080996884735
superbe,1,0.0003894080996884735
état,15,0.005841121495327103
pensées,2,0.000778816199376947
demande,10,0.003894080996884735
aussi,11,0.004283489096573208
effaçaient,1,0.0003894080996884735
jouet,1,0.0003894080996884735
engageant,1,0.0003894080996884735
désordre,1,0.0003894080996884735
déshonoré,1,0.0003894080996884735
guerres,1,0.0003894080996884735
vue,4,0.001557632398753894
menaçaient,1,0.0003894080996884735
emporte,1,0.0003894080996884735
partis,3,0.0011682242990654205
aimable,1,0.0003894080996884735
maudire,1,0.0003894080996884735
oeil,5,0.0019470404984423676
ville,3,0.0011682242990654205
ne,158,0.061526479750778816
avouer,2,0.000778816199376947
théâtre,1,0.0003894080996884735
montrer,6,0.002336448598130841
posséder,1,0.0003894080996884735
honte,14,0.005451713395638629
aimez,1,0.0003894080996884735
goutte,1,0.0003894080996884735
pleine,3,0.0011682242990654205
amorce,1,0.0003894080996884735
mourant,2,0.000778816199376947
secret,3,0.0011682242990654205
aucun,5,0.0019470404984423676
tragiques,1,0.0003894080996884735
quoique,5,0.0019470404984423676
rompant,1,0.0003894080996884735
mourût,1,0.0003894080996884735
abandonnerez,1,0.0003894080996884735
met,3,0.0011682242990654205
aspirer,2,0.000778816199376947
oublier,2,0.000778816199376947
exploits,7,0.0027258566978193145
durait,1,0.0003894080996884735
trop,39,0.015186915887850467
devoir,12,0.004672897196261682
étiez,1,0.0003894080996884735
regardons,2,0.000778816199376947
mettre,5,0.0019470404984423676
ternie,1,0.0003894080996884735
revoyez,1,0.0003894080996884735
condamne,1,0.0003894080996884735
cela,3,0.0011682242990654205
orient,2,0.000778816199376947
reste,11,0.004283489096573208
ordonner,1,0.0003894080996884735
approuvez,1,0.0003894080996884735
emploie,1,0.0003894080996884735
irritez,2,0.000778816199376947
maisons,2,0.000778816199376947
ferme,1,0.0003894080996884735
régner,3,0.0011682242990654205
enchaînée,1,0.0003894080996884735
apprendre,2,0.000778816199376947
aspire,2,0.000778816199376947
elles,7,0.0027258566978193145
passe,2,0.000778816199376947
foudres,1,0.0003894080996884735
tente,1,0.0003894080996884735
dépose,1,0.0003894080996884735
meurtrier,1,0.0003894080996884735
serais,3,0.0011682242990654205
enfants,5,0.0019470404984423676
ôte,3,0.0011682242990654205
étouffez,1,0.0003894080996884735
naissance,6,0.002336448598130841
familles,1,0.0003894080996884735
brutalité,2,0.000778816199376947
tort,1,0.0003894080996884735
ignominie,1,0.0003894080996884735
avides,1,0.0003894080996884735
défaits,1,0.0003894080996884735
gris,1,0.0003894080996884735
renouent,1,0.0003894080996884735
généreux,8,0.003115264797507788
expiez,1,0.0003894080996884735
trouvaient,1,0.0003894080996884735
ouverte,2,0.000778816199376947
destins,5,0.0019470404984423676
camps,6,0.002336448598130841
respect,1,0.0003894080996884735
noms,5,0.0019470404984423676
pleure,5,0.0019470404984423676
tout,53,0.020638629283489095
saurez,1,0.0003894080996884735
générosité,1,0.0003894080996884735
ceignent,1,0.0003894080996884735
tourmente,1,0.0003894080996884735
innocence,1,0.0003894080996884735
âge,2,0.000778816199376947
tiendrait,1,0.0003894080996884735
trouvez,3,0.0011682242990654205
condamné,1,0.0003894080996884735
épouser,1,0.0003894080996884735
extrémités,1,0.0003894080996884735
enfle,2,0.000778816199376947
remet,1,0.0003894080996884735
auprès,3,0.0011682242990654205
allie,1,0.0003894080996884735
semblait,4,0.001557632398753894
commandements,1,0.0003894080996884735
devoirs,2,0.000778816199376947
perdu,5,0.0019470404984423676
renverse,1,0.0003894080996884735
pleurait,1,0.0003894080996884735
plaise,1,0.0003894080996884735
rends,5,0.0019470404984423676
redoublé,1,0.0003894080996884735
disait,1,0.0003894080996884735
traverses,2,0.000778816199376947
indépendante,1,0.0003894080996884735
assurée,1,0.0003894080996884735
maudis,1,0.0003894080996884735
passion,2,0.000778816199376947
mauvais,5,0.0019470404984423676
aussitôt,2,0.000778816199376947
traitement,1,0.0003894080996884735
effroi,2,0.000778816199376947
cesserait,1,0.0003894080996884735
humain,2,0.000778816199376947
usant,1,0.0003894080996884735
arme,2,0.000778816199376947
ralentit,1,0.0003894080996884735
fâcher,1,0.0003894080996884735
abîmer,1,0.0003894080996884735
pompeuse,1,0.0003894080996884735
tête,3,0.0011682242990654205
pleuré,1,0.0003894080996884735
éternel,3,0.0011682242990654205
fuis,1,0.0003894080996884735
prendra,1,0.0003894080996884735
différé,1,0.0003894080996884735
solennel,1,0.0003894080996884735
pis,1,0.0003894080996884735
cinq,1,0.0003894080996884735
quoiqu,1,0.0003894080996884735
misère,1,0.0003894080996884735
injustement,1,0.0003894080996884735
rompue,1,0.0003894080996884735
inégaux,1,0.0003894080996884735
rejetait,1,0.0003894080996884735
fausse,1,0.0003894080996884735
use,1,0.0003894080996884735
fut,4,0.001557632398753894
étouffer,4,0.001557632398753894
les,159,0.06191588785046729
avais,2,0.000778816199376947
couverts,1,0.0003894080996884735
présentes,1,0.0003894080996884735
péril,2,0.000778816199376947
descend,1,0.0003894080996884735
horreurs,1,0.0003894080996884735
ruisseaux,1,0.0003894080996884735
longs,1,0.0003894080996884735
ébranler,2,0.000778816199376947
profonds,1,0.0003894080996884735
combat,18,0.007009345794392523
pouvant,1,0.0003894080996884735
comparaison,1,0.0003894080996884735
pitié,10,0.003894080996884735
éviter,1,0.0003894080996884735
devenir,3,0.0011682242990654205
audace,1,0.0003894080996884735
vend,1,0.0003894080996884735
cherche,4,0.001557632398753894
charme,3,0.0011682242990654205
leur,60,0.02336448598130841
appelle,1,0.0003894080996884735
consentir,1,0.0003894080996884735
frémir,1,0.0003894080996884735
rigueur,4,0.001557632398753894
ensemble,3,0.0011682242990654205
mol,1,0.0003894080996884735
morts,11,0.004283489096573208
à,252,0.09813084112149532
priver,1,0.0003894080996884735
fermeté,5,0.0019470404984423676
souiller,3,0.0011682242990654205
mois,1,0.0003894080996884735
romaine,6,0.002336448598130841
prévois,1,0.0003894080996884735
c,56,0.021806853582554516
épargne,2,0.000778816199376947
obtiens,1,0.0003894080996884735
obéissance,1,0.0003894080996884735
eh,1,0.0003894080996884735
intéressé,1,0.0003894080996884735
fortune,2,0.000778816199376947
haleine,1,0.0003894080996884735
reçoit,6,0.002336448598130841
chancelle,1,0.0003894080996884735
ravie,1,0.0003894080996884735
une,107,0.041666666666666664
traitez,2,0.000778816199376947
oser,1,0.0003894080996884735
avantage,3,0.0011682242990654205
tremblotant,1,0.0003894080996884735
prononcez,1,0.0003894080996884735
maintenant,2,0.000778816199376947
nombre,2,0.000778816199376947
prix,8,0.003115264797507788
ordonne,1,0.0003894080996884735
verrons,1,0.0003894080996884735
poursuivre,1,0.0003894080996884735
dispute,1,0.0003894080996884735
pas,51,0.01985981308411215
derniers,2,0.000778816199376947
conçois,1,0.0003894080996884735
astre,1,0.0003894080996884735
empêchez,1,0.0003894080996884735
voyant,3,0.0011682242990654205
chérir,1,0.0003894080996884735
après,20,0.00778816199376947
voulant,1,0.0003894080996884735
nourrissait,1,0.0003894080996884735
ses,54,0.02102803738317757
entend,1,0.0003894080996884735
premiers,2,0.000778816199376947
quitte,3,0.0011682242990654205
n,113,0.044003115264797506
altéré,1,0.0003894080996884735
ébranlait,2,0.000778816199376947
vis,7,0.0027258566978193145
carrière,1,0.0003894080996884735
devient,3,0.0011682242990654205
prenais,1,0.0003894080996884735
peuple,5,0.0019470404984423676
sait,5,0.0019470404984423676
parricides,1,0.0003894080996884735
céleste,2,0.000778816199376947
doit,15,0.005841121495327103
hait,1,0.0003894080996884735
excusez,1,0.0003894080996884735
dont,16,0.006230529595015576
déplorer,1,0.0003894080996884735
ordre,4,0.001557632398753894
épée,3,0.0011682242990654205
déguisez,1,0.0003894080996884735
semblent,2,0.000778816199376947
vouliez,1,0.0003894080996884735
hosties,1,0.0003894080996884735
bras,22,0.008566978193146417
grâces,3,0.0011682242990654205
éperdu,1,0.0003894080996884735
tranche,1,0.0003894080996884735
vertueux,4,0.001557632398753894
opposant,1,0.0003894080996884735
quelques,3,0.0011682242990654205
action,6,0.002336448598130841
font,8,0.003115264797507788
efforts,3,0.0011682242990654205
souille,1,0.0003894080996884735
dignes,4,0.001557632398753894
immortels,3,0.0011682242990654205
fâcheuses,1,0.0003894080996884735
soutenir,2,0.000778816199376947
ligne,5,0.0019470404984423676
sus,2,0.000778816199376947
indigné,1,0.0003894080996884735
changements,1,0.0003894080996884735
renommé,1,0.0003894080996884735
dureté,1,0.0003894080996884735
enviant,1,0.0003894080996884735
partie,2,0.000778816199376947
possesseur,1,0.0003894080996884735
approuve,1,0.0003894080996884735
envers,2,0.000778816199376947
écoutez,5,0.0019470404984423676
rigoureuse,1,0.0003894080996884735
assurer,2,0.000778816199376947
feu,1,0.0003894080996884735
venge,2,0.000778816199376947
alarmes,2,0.000778816199376947
grâce,5,0.0019470404984423676
criminel,3,0.0011682242990654205
encore,40,0.01557632398753894
répandre,5,0.0019470404984423676
finira,1,0.0003894080996884735
perce,1,0.0003894080996884735
ennemis,9,0.0035046728971962616
reprocher,1,0.0003894080996884735
envoie,6,0.002336448598130841
nuits,1,0.0003894080996884735
vrais,1,0.0003894080996884735
pu,7,0.0027258566978193145
gardes,1,0.0003894080996884735
orage,2,0.000778816199376947
douceur,2,0.000778816199376947
armées,1,0.0003894080996884735
